CODIGO DE TRIBUTACAO;DESCRICAO DO SERVICO;SUBITEM LISTA DE SERVICO;ALIQUOTA;INICIO DA VIGENCIA;FIM DA VIGENCIA
010100100;Análise de sistemas;1.01;0,0200;2012-01-01;
010100200;Desenvolvimento de sistemas;1.01;0,0200;2012-01-01;
010200100;Programação;1.02;0,0200;2012-01-01;
010200200;Customização de programas;1.02;0,0200;2012-01-01;
010300100;Processamento de dados;1.03;0,0500;2012-01-01;
010300200;Provimento de acesso à internet;1.03;0,0200;2012-01-01;
010300300;Provimento de conteúdo para a internet;1.03;0,0200;2012-01-01;
010300400;Provimento de serviço de aplicação para internet;1.03;0,0200;2012-01-01;
010300500;Hospedagem para a internet;1.03;0,0200;2012-01-01;
010300600;Serviços de data center;1.03;0,0200;2012-01-01;
010300700;Outros serviços de processamento de dados;1.03;0,0500;2012-01-01;
010400100;Elaboração de programas de computadores;1.04;0,0200;2012-01-01;
010400200;Elaboração de jogos eletrônicos;1.04;0,0200;2012-01-01;
010500100;Licenciamento de uso de programa de computação;1.05;0,0200;2012-01-01;
010500200;Cessão de direito de uso de programa de computação;1.05;0,0200;2012-01-01;
010600100;Assessoria e consultoria em informática;1.06;0,0200;2012-01-01
010700100;Suporte técnico em informática;1.07;0,0200;2012-01-01
010700200;Instalação ou gravação de programa de computação ;1.07;0,0200;2012-01-01
010700300;Configuração de programa de computação ;1.07;0,0200;2012-01-01
010700400;Instalação de banco de dados;1.07;0,0200;2012-01-01
010700500;Configuração de banco de dados;1.07;0,0200;2012-01-01
010700600;Manutenção de programa de computação;1.07;0,0200;2012-01-01
010700700;Manutenção de banco de dados;1.07;0,0200;2012-01-01
010800100;Planejamento de páginas eletrônicas;1.08;0,0200;2012-01-01
010800200;Confecção de páginas eletrônicas;1.08;0,0200;2012-01-01
010800300;Manutenção de páginas eletrônicas;1.08;0,0200;2012-01-01
010800400;Atualização de páginas eletrônicas;1.08;0,0200;2012-01-01
020100100;Serviços de pesquisas e desenvolvimento de qualquer natureza.;2.01;0,0500;2012-01-01
030200100;Cessão de direito de uso de sinais de propaganda;3.02;0,0500;2012-01-01
030200200;Cessão de direito de uso de marca;3.02;0,0500;2012-01-01
030200300;Cessão de direito de uso de som ou imagem;3.02;0,0500;2012-01-01
030300100;Exploração de salão de festas;3.03;0,0500;2012-01-01
030300200;Exploração de centro de convenções;3.03;0,0500;2012-01-01
030300300;Exploração de escritório virtual;3.03;0,0500;2012-01-01
030300400;Exploração de stand;3.03;0,0500;2012-01-01
030300500;Exploração de quadra esportiva;3.03;0,0500;2012-01-01
030300600;Exploração de estádio;3.03;0,0500;2012-01-01
030300700;Exploração de ginásio;3.03;0,0500;2012-01-01
030300800;Exploração de auditório;3.03;0,0500;2012-01-01
030300900;Exploração de casa de espetáculos;3.03;0,0500;2012-01-01
030301000;Exploração de parque de diversões;3.03;0,0500;2012-01-01
030301100;Exploração de canchas;3.03;0,0500;2012-01-01
030301200;Serviços de locação e cessão de uso de espaços destinados instalação de stands ou box em shoppings populares, feiras shop e empreendimentos semelhantes, a cargo do proprietário do empreendimento.;3.03;0,0500;2012-01-01
030301300;Exploração de outras instalações para realização de eventos ou negócios de qualquer natureza;3.03;0,0500;2012-01-01
030400100;Locação, sublocação, arrendamento, direito de passagem ou permissão de uso, compartilhado ou não, de ferrovia, rodovia, postes, cabos, dutos e condutos de qualquer natureza.;3.04;0,0500;2012-01-01
030500100;Cessão de andaimes;3.05;0,0500;2012-01-01
030500200;Cessão de palco;3.05;0,0500;2012-01-01
030500300;Cessão de coberturas ou tendas;3.05;0,0500;2012-01-01
030500400;Cessão de outras estruturas de uso temporário;3.05;0,0500;2012-01-01
040100100;Medicina;4.01;0,0200;2012-01-01
040100200;Biomedicina;4.01;0,0200;2012-01-01
040100300;Convênio ou contrato celebrado com o SUS - Sistema Único de Saúde para prestação de serviços de medicina e biomedicina;4.01;0,0200;2012-01-01
040200100;Análises clínicas, patológicas, citopatológica, de material genético e congêneres.;4.02;0,0200;2012-01-01
040200200;Radioterapia, quimioterapia, hemoterapia, litotripsia e congêneres.;4.02;0,0200;2012-01-01
040200300;Radiologia, endoscopia, ultrassonografia, ressonância magnética, radiologia, tomografia, eletricidade médica, audiometria e congêneres.;4.02;0,0200;2012-01-01
040200400;Convênio ou contrato celebrado com o SUS - Sistema Único de Saúde para prestação de serviços de análises clínicas, patologia, citopatológica, eletricidade médica, radioterapia, quimioterapia, ultrassonografia, ressonância magnética, radiologia, tomografia e congêneres.;4.02;0,0200;2012-01-01
040300100;Serviços de hospitais, clínicas, sanatórios, manicômios, casas de saúde, prontos-socorros, ambulatórios e congêneres.;4.03;0,0200;2012-01-01
040300200;Serviço de atendimento a pessoa portadora de deficiência prestado por clínica especializada;4.03;0,0200;2012-01-01
040300300;Serviços de laboratório, exceto análises clínicas, patológicas, citopatológica e de material genético.;4.03;0,0200;2012-01-01
040300400;Convênio ou contrato celebrado com o SUS - Sistema Único de Saúde para prestação de serviços de hospitais, clínicas, laboratórios, sanatórios, manicômios, casas de saúde, prontos-socorros, ambulatórios e congêneres.;4.03;0,0200;2012-01-01
040400100;Instrumentação cirúrgica;4.04;0,0200;2012-01-01
040400200;Convênio ou contrato celebrado com o SUS - Sistema Único de Saúde para prestação de serviços de instrumentação cirúrgica;4.04;0,0200;2012-01-01
040500100;Acupuntura;4.05;0,0200;2012-01-01
040500200;Convênio ou contrato celebrado com o SUS - Sistema Único de Saúde para prestação de serviços de acupuntura;4.05;0,0200;2012-01-01
040600100;Enfermagem, inclusive serviços auxiliares.;4.06;0,0200;2012-01-01
040600200;Convênio ou contrato celebrado com o SUS - Sistema Único de Saúde para prestação de serviços de enfermagem, inclusive serviços auxiliares.;4.06;0,0200;2012-01-01
040700100;Serviços de manipulação de fórmulas;4.07;0,0200;2012-01-01
040700200;Outros serviços farmacêuticos - aplicação de injetáveis, pequenos curativos, nebulização e/ou inalação, verificação de temperatura e pressão arterial, colocação de brincos;4.07;0,0200;2012-01-01
040700300;Convênio ou contrato celebrado com o SUS - Sistema Único de Saúde para prestação de serviços farmacêuticos;4.07;0,0200;2012-01-01
040800100;Terapia ocupacional, fisioterapia e fonoaudiologia.;4.08;0,0200;2012-01-01
040800200;Convênio ou contrato celebrado com o SUS - Sistema Único de Saúde para prestação de serviços de terapia ocupacional, fisioterapia e fonoaudiologia.;4.08;0,0200;2012-01-01
040900100;Terapias de qualquer espécie destinadas ao tratamento físico, orgânico e mental, inclusive RPG, reiki, shiatsu, cromoterapia e outras.;4.09;0,0200;2012-01-01
040900200;Serviços de reabilitação profissional;4.09;0,0200;2012-01-01
040900300;Convênio ou contrato celebrado com o SUS - Sistema Único de Saúde para prestação de serviços de terapias de qualquer espécie destinadas ao tratamento físico, orgânico e mental.;4.09;0,0200;2012-01-01
041000100;Nutrição;4.10;0,0200;2012-01-01
041000200;Convênio ou contrato celebrado com o SUS - Sistema Único de Saúde para prestação de serviços de nutrição;4.10;0,0200;2012-01-01
041100100;Obstetrícia;4.11;0,0200;2012-01-01
041100200;Convênio ou contrato celebrado com o SUS - Sistema Único de Saúde para prestação de serviços de obstetrícia;4.11;0,0200;2012-01-01
041200100;Serviços odontológicos;4.12;0,0200;2012-01-01
041200200;Convênio ou contrato celebrado com o SUS - Sistema Único de Saúde para prestação de serviços de odontologia;4.12;0,0200;2012-01-01
041300100;Ortóptica;4.13;0,0200;2012-01-01
041300200;Convênio ou contrato celebrado com o SUS - Sistema Único de Saúde para prestação de serviços de ortóptica;4.13;0,0200;2012-01-01
041400100;Confecção de próteses sob encomenda;4.14;0,0200;2012-01-01
041400200;Convênio ou contrato celebrado com o SUS - Sistema Único de Saúde para prestação de serviços de próteses sob encomenda;4.14;0,0200;2012-01-01
041500100;Psicanálise;4.15;0,0200;2012-01-01
041500200;Convênio ou contrato celebrado com o SUS - Sistema Único de Saúde para prestação de serviços de psicanálise;4.15;0,0200;2012-01-01
041600100;Psicologia;4.16;0,0200;2012-01-01
041600200;Convênio ou contrato celebrado com o SUS - Sistema Único de Saúde para prestação de serviços de psicologia;4.16;0,0200;2012-01-01
041700100;Serviços de casas de repouso e de recuperação, asilos e congêneres.;4.17;0,0200;2012-01-01
041700200;Serviços de creches ou congêneres;4.17;0,0200;2012-01-01
041700300;Convênio ou contrato celebrado com o SUS - Sistema Único de Saúde para prestação de serviços de casas de repouso e de recuperação, creches, asilos e congêneres.;4.17;0,0200;2012-01-01
041800100;Inseminação artificial, fertilização in vitro e congêneres.;4.18;0,0200;2012-01-01
041800200;Convênio ou contrato celebrado com o SUS - Sistema Único de Saúde para prestação de serviços de inseminação artificial, fertilização in vitro e congêneres.;4.18;0,0200;2012-01-01
041900100;Bancos de sangue, leite, pele, olhos, óvulos, sêmen e congêneres.;4.19;0,0200;2012-01-01
041900200;Convênio ou contrato celebrado com o SUS - Sistema Único de Saúde para prestação de serviços de bancos de sangue, leite, pele, olhos, óvulos, sêmen e congêneres.;4.19;0,0200;2012-01-01
042000100;Coleta de sangue, leite, tecidos, sêmen, órgãos e materiais biológicos de qualquer espécie.;4.20;0,0200;2012-01-01
042000200;Convênio ou contrato celebrado com o SUS - Sistema Único de Saúde para prestação de serviços de coleta de sangue, leite, tecidos, sêmen, órgãos e materiais biológicos de qualquer espécie.;4.20;0,0200;2012-01-01
042100100;Unidade de atendimento, assistência, tratamento móvel, home care, e congêneres.;4.21;0,0200;2012-01-01
042100200;Serviços de UTI móvel, ambulância e remoção, por via aérea ou terrestre, para atendimento, assistência ou tratamento à saúde humana.;4.21;0,0200;2012-01-01
042100300;Convênio ou contrato celebrado com o SUS - Sistema Único de Saúde, para prestação de serviço de unidade de atendimento, assistência, tratamento móvel, home care, e congêneres, bem como de UTI móvel, ambulância e remoção, por via aérea ou terrestre, para atendimento, assistência ou tratamento à saúde humana.;4.21;0,0200;2012-01-01
042200100;Planos de medicina de grupo ou individual e convênios para prestação de assistência médica, hospitalar, odontológica, e congêneres.;4.22;0,0350;2012-01-01
042300100;Outros planos de saúde que se cumpram através de serviços de terceiros contratados, credenciados, cooperados ou apenas pagos pelo operador do plano mediante indicação do beneficiário. ;4.23;0,0350;2012-01-01
050100100;Medicina veterinária;5.01;0,0500;2012-01-01
050100101;Medicina veterinária (serviços prestados por sociedade que não atende aos requisitos do art. 20, § 4º, da LCM n° 07/73);5.01;0,0400;2012-01-01
050100200;Zootecnia;5.01;0,0500;2012-01-01
050100201;Zootecnia (serviços prestados por sociedade que não atende aos requisitos do art. 20, § 4º, da LCM n° 07/73);5.01;0,0400;2012-01-01
050200100;Hospitais, clínicas, ambulatórios, prontos-socorros e congêneres, na área veterinária.;5.02;0,0500;2012-01-01
050200101;Hospitais, clínicas, ambulatórios, prontos-socorros e congêneres, na área veterinária (serviços prestados por sociedade que não atende aos requisitos do art. 20, § 4º, da LCM n° 07/73).;5.02;0,0400;2012-01-01
050300100;Serviços de laboratórios de análise na área veterinária.;5.03;0,0500;2012-01-01
050300101;Serviços de laboratórios de análise na área veterinária (serviços prestados por sociedade que não atende aos requisitos do art. 20, § 4º, da LCM n° 07/73).;5.03;0,0400;2012-01-01
050400100;Inseminação artificial, fertilização in vitro e congêneres na área veterinária.;5.04;0,0500;2012-01-01
050400101;Inseminação artificial, fertilização in vitro e congêneres na área veterinária (serviços prestados por sociedade que não atende aos requisitos do art. 20, § 4º, da LCM n° 07/73).;5.04;0,0400;2012-01-01
050500100;Bancos de sangue e de órgãos e congêneres na área veterinária;5.05;0,0500;2012-01-01
050500101;Bancos de sangue e de órgãos e congêneres na área veterinária (serviços prestados por sociedade que não atende aos requisitos do art. 20, § 4º, da LCM n° 07/73);5.05;0,0400;2012-01-01
050600100;Coleta de sangue, leite, tecidos, sêmen, órgãos e materiais biológicos de qualquer espécie na área veterinária.;5.06;0,0500;2012-01-01
050600101;Coleta de sangue, leite, tecidos, sêmen, órgãos e materiais biológicos de qualquer espécie na área veterinária (serviços prestados por sociedade que não atende aos requisitos do art. 20, § 4º, da LCM n° 07/73).;5.06;0,0400;2012-01-01
050700100;Unidade de atendimento, assistência ou tratamento móvel e congêneres na área veterinária.;5.07;0,0500;2012-01-01
050700101;Unidade de atendimento, assistência ou tratamento móvel e congêneres na área veterinária (serviços prestados por sociedade que não atende aos requisitos do art. 20, § 4º, da LCM n° 07/73).;5.07;0,0400;2012-01-01
050800100;Guarda, alojamento ou serviço congêneres, para animais;5.08;0,0500;2012-01-01
050800101;Guarda, alojamento ou serviço congêneres, para animais (serviços prestados por sociedade que não atende aos requisitos do art. 20, § 4º, da LCM n° 07/73);5.08;0,0400;2012-01-01
050800200;Tratamento, embelezamento, tosquia ou serviço congêneres, para animais;5.08;0,0500;2012-01-01
050800201;Tratamento, embelezamento, tosquia ou serviço congêneres, para animais (serviços prestados por sociedade que não atende aos requisitos do art. 20, § 4º, da LCM n° 07/73);5.08;0,0400;2012-01-01
050800300;Amestramento de animais;5.08;0,0500;2012-01-01
050800301;Amestramento de animais (serviços prestados por sociedade que não atende aos requisitos do art. 20, § 4º, da LCM n° 07/73);5.08;0,0400;2012-01-01
050800400;Manejo de animais;5.08;0,0500;2012-01-01
050800401;Manejo de animais (serviços prestados por sociedade que não atende aos requisitos do art. 20, § 4º, da LCM n° 07/73);5.08;0,0400;2012-01-01
050900100;Planos de saúde e de atendimento e assistência médico-veterinária;5.09;0,0500;2012-01-01
050900101;Planos de saúde e de atendimento e assistência médico-veterinária (serviços prestados por sociedade que não atende aos requisitos do art. 20, § 4º, da LCM n° 07/73);5.09;0,0400;2012-01-01
060100100;Barbearia, cabeleireiros, manicuros, pedicuros e congêneres.;6.01;0,0500;2012-01-01
060200100;Serviços de depilação ou congêneres;6.02;0,0500;2012-01-01
060200200;Serviços de esteticistas, maquiagem e congêneres;6.02;0,0500;2012-01-01
060200300;Serviços de tratamento de pele ou congêneres;6.02;0,0500;2012-01-01
060200400;Tatuagem, piercing e congêneres;6.02;0,0500;2012-01-01
060300100;Banhos, duchas, sauna e congêneres;6.03;0,0500;2012-01-01
060300200;Serviço de massagem ou congêneres;6.03;0,0500;2012-01-01
060400100;Ginástica, musculação, dança, esportes, natação, artes marciais e demais atividades de condicionamento físico ;6.04;0,0300;2012-01-01
060400200;Academia de danças em geral;6.04;0,0300;2012-01-01
060500100;Centros de emagrecimento, SPA e congêneres.;6.05;0,0500;2012-01-01
070100100;Engenharia, exceto execução material de obra;7.01;0,0500;2012-01-01
070100200;Agronomia, exceto execução material de obra;7.01;0,0500;2012-01-01
070100300;Agrimensura ou congêneres, exceto execução material de obra;7.01;0,0500;2012-01-01
070100400;Arquitetura, exceto execução material de obra;7.01;0,0500;2012-01-01
070100500;Geologia, exceto execução material de obra;7.01;0,0500;2012-01-01
070100600;Urbanismo ou congêneres, exceto execução material de obra;7.01;0,0500;2012-01-01
070100700;Paisagismo ou congêneres, exceto execução material de obra;7.01;0,0500;2012-01-01
070200100;Construção de edificações residenciais de qualquer tipo;7.02;0,0400;2012-01-01
070200200;Construção de edificações comerciais de qualquer tipo;7.02;0,0400;2012-01-01
070200300;Construção de edificações industriais;7.02;0,0400;2012-01-01
070200400;Construção de edificações destinadas a usos diversos;7.02;0,0400;2012-01-01
070200500;Montagem de edificações pré-moldadas ou pré-fabricadas de qualquer material e de natureza permanente.;7.02;0,0400;2012-01-01
070200600;Execução de obras em geral por contrato de administração;7.02;0,0400;2012-01-01
070200700;Instalações provisórias de infraestrutura do canteiro de obras (oficinas, alojamentos, vestiários);7.02;0,0400;2012-01-01
070200800;Construção de rodovias, ruas e de outras vias, inclusive de praças, pontes, viadutos, túneis, elevados, calçadas, passarelas, pistas de aeroportos e locais para estacionamentos de veículos ;7.02;0,0400;2012-01-01
070200900;Construção de vias férreas de superfície ou subterrâneas;7.02;0,0400;2012-01-01
070201000;Construção de pistas de aeroportos;7.02;0,0400;2012-01-01
070201100;Pavimentação ou recapeamento de rodovias, ruas e outras vias, inclusive de praças, pontes, viadutos, túneis, elevados, calçadas, passarelas, pistas de aeroportos e locais para estacionamentos de veículos ;7.02;0,0400;2012-01-01
070201200;Execução de sinalização com pintura em rodovias, ruas e outras vias, inclusive em praças, pontes, viadutos, túneis, elevados, passarelas, calçadas, pistas de aeroportos e locais para estacionamentos de veículos ;7.02;0,0400;2012-01-01
070201300;Instalação de dispositivos de sinalização em obras de edificações, rodovias, ruas e outras vias, inclusive em praças, pontes, viadutos, túneis, elevados, calçadas, passarelas, pistas de aeroportos e locais para estacionamentos de veículos ;7.02;0,0400;2012-01-01
070201400;Construção de barragens, represas, canais, diques e congêneres;7.02;0,0400;2012-01-01
070201500;Construção de usinas, estações e subestações hidrelétricas, eólicas, nucleares, termoelétricas e congêneres;7.02;0,0400;2012-01-01
070201600;Construção de redes de transmissão e distribuição de energia elétrica;7.02;0,0400;2012-01-01
070201700;Obras para implantação de serviços de telecomunicações, inclusive instalação de equipamentos, torres, antenas e complementos;7.02;0,0400;2012-01-01
070201800;Construção de redes de telecomunicações;7.02;0,0400;2012-01-01
070201900;Construção de sistemas para o abastecimento de água, inclusive reservatórios de distribuição, estações elevatórias de bombeamento, linhas principais de adução e redes de distribuição de água;7.02;0,0400;2012-01-01
070202000;Construção de redes de coleta de esgoto, inclusive de interceptores;7.02;0,0400;2012-01-01
070202100;Construção de estações de tratamento de esgoto;7.02;0,0400;2012-01-01
070202200;Construção de estações de bombeamento de esgoto;7.02;0,0400;2012-01-01
070202300;Construção de galerias pluviais;7.02;0,0400;2012-01-01
070202400;Obras de irrigação ;7.02;0,0400;2012-01-01
070202500;Construção de redes de transporte por dutos, tais como oleodutos, gasodutos, minerodutos;7.02;0,0400;2012-01-01
070202600;Construção de portos, marinas, eclusas, canais de navegação e congêneres;7.02;0,0400;2012-01-01
070202700;Obras de enrocamentos;7.02;0,0400;2012-01-01
070202800;Obras de aterro, exceto sanitário;7.02;0,0400;2012-01-01
070202900;Montagem de estruturas metálicas permanentes em obras de construção civil;7.02;0,0400;2012-01-01
070203000;Montagem e desmontagem de fôrmas para concreto em obras de construção civil;7.02;0,0400;2012-01-01
070203100;Obras de montagem de instalações industriais tais como refinarias, indústrias químicas.;7.02;0,0400;2012-01-01
070203200;Montagem ou instalação de equipamentos incorporados às construções, como elevadores, escadas e esteiras rolantes, portas automáticas e giratórias e congêneres;7.02;0,0400;2012-01-01
070203300;Serviços de escavação, transporte, depósito, nivelamento e compactação de terras, para realização de uma obra;7.02;0,0400;2012-01-01
070203400;Os derrocamentos ou desmonte de rochas, exceto para exploração e explotação de recursos minerais.;7.02;0,0400;2012-01-01
070203500;Obras de terraplanagem para construção civil, inclusive a disponibilização de máquinas ou equipamentos com operador para este fim;7.02;0,0400;2012-01-01
070203600;Drenagem;7.02;0,0400;2012-01-01
070203700;Rebaixamento de lençóis freáticos.;7.02;0,0400;2012-01-01
070203800;Sondagens, perfurações e furos, exceto para exploração e explotação de recursos minerais.;7.02;0,0400;2012-01-01
070203900;Perfuração e construção de poços artesianos , cisternas, fossas e congêneres.;7.02;0,0400;2012-01-01
070204000;Execução de fundações diversas para edifícios e outras obras de engenharia civil, inclusive a cravação de estacas e a disponibilização de máquinas ou equipamentos com operador para estes fins;7.02;0,0400;2012-01-01
070204100;Concretagem;7.02;0,0400;2012-01-01
070204200;Impermeabilização em edifícios e outras obras de engenharia civil;7.02;0,0400;2012-01-01
070204300;Construção de dutos, condutos e cabeamento para instalações telefônicas, redes de informática, televisão e comunicações.;7.02;0,0400;2012-01-01
070204400;Construção/Instalação de sistemas de eletricidade, iluminação e pára-raios em imóveis;7.02;0,0400;2012-01-01
070204500;Construção de sistemas de iluminação e sinalização em vias e próprios públicos, rodovias, ferrovias, portos, aeroportos e congêneres;7.02;0,0400;2012-01-01
070204600;Construção de redes para distribuição de gases e fluidos diversos;7.02;0,0400;2012-01-01
070204700;Construção de sistemas de alarme, prevenção e proteção contra incêndio.;7.02;0,0400;2012-01-01
070204800;Construção de sistemas de aquecimento de água, ambientes e congêneres em imóveis;7.02;0,0400;2012-01-01
070204900;Execução de obras hidráulicas e sanitárias, inclusive sistemas de gás;7.02;0,0400;2012-01-01
070205000;Construção de sistemas de refrigeração central em imóveis;7.02;0,0400;2012-01-01
070205100;Obras de alvenaria, chapisco, emboço e reboco;7.02;0,0400;2012-01-01
070205200;Colocação de revestimentos de cerâmica, azulejo, mármore, granito, pedras e outros materiais em obras de engenharia;7.02;0,0400;2012-01-01
070205300;Instalação de esquadrias de metal, de madeira ou de qualquer outro material em obra de engenharia;7.02;0,0400;2012-01-01
070205400;Colocação de vidros, cristais e espelhos em obras de construção civil;7.02;0,0400;2012-01-01
070205500;Instalação de revestimento em dutos e tubulações;7.02;0,0400;2012-01-01
070205600;Serviços de pintura em obras de construção civil;7.02;0,0400;2012-01-01
070205700;Execução de trabalhos em madeira em obras de construção civil;7.02;0,0400;2012-01-01
070205800;Serviços de acabamento em gesso, estuque e outros materiais em obras de construção civil;7.02;0,0400;2012-01-01
070205900;Outras obras de engenharia não especificadas anteriormente;7.02;0,0400;2012-01-01
070206000;Tratamentos térmicos, acústicos ou de vibração;7.02;0,0400;2012-01-01
070206100;Construções complementares não previstas na obra (muros, cercas, jardins);7.02;0,0400;2012-01-01
070300100;Elaboração de planos diretores relacionados com serviços e obras de engenharia;7.03;0,0200;2012-01-01
070300200;Elaboração de estudos de viabilidade relacionados com serviços e obras de engenharia;7.03;0,0200;2012-01-01
070300300;Elaboração de estudos organizacionais e outros, relacionados com serviços e obras de engenharia;7.03;0,0200;2012-01-01
070300400;Elaboração de anteprojetos, projetos básicos e projetos executivos para trabalhos de engenharia;7.03;0,0200;2012-01-01
070300500;Outros serviços de engenharia consultiva relacionados com serviços e obras de engenharia;7.03;0,0200;2012-01-01
070400100;Demolição e desmonte de estruturas e construções;7.04;0,0400;2012-01-01
070500100;Reparação, conservação e reforma de edifícios e congêneres;7.05;0,0400;2012-01-01
070500200;Reparação, conservação e reforma de estradas, pontes, viadutos, tuneis e congêneres;7.05;0,0400;2012-01-01
070500300;"Operação ""tapa buracos"" em vias em geral";7.05;0,0400;2012-01-01
070500400;Reparação, conservação e reforma de portos e congêneres;7.05;0,0400;2012-01-01
070500500;Reparação, conservação e reforma de imóveis em geral;7.05;0,0400;2012-01-01
070500600;Execução de reforço de fundações para edifícios e outras obras de engenharia civil;7.05;0,0400;2012-01-01
070500700;Reparação, conservação e reforma de ruas e de outros logradouros, inclusive de praças, pontes, viadutos, túneis, elevados, calçadas, passarelas, pistas de aeroportos e locais para estacionamentos de veículos ;7.05;0,0400;2012-01-01
070500800;Reparação, conservação e reforma de vias férreas de superfície ou subterrâneas;7.05;0,0400;2012-01-01
070500900;Reparação, conservação e reforma de sinalização com pintura em rodovias, ruas e outras vias, inclusive em praças, pontes, viadutos, túneis, elevados, passarelas, calçadas, pistas de aeroportos e locais para estacionamentos de veículos ;7.05;0,0400;2012-01-01
070501000;Reparação, conservação e reforma de barragens, represas, canais, diques e congêneres;7.05;0,0400;2012-01-01
070501100;Reparação, conservação e reforma de usinas, estações e subestações hidrelétricas, eólicas, nucleares, termoelétricas e congêneres;7.05;0,0400;2012-01-01
070501200;Reparação, conservação e reforma de redes de transmissão e distribuição de energia elétrica;7.05;0,0400;2012-01-01
070501300;Reparação, conservação e reforma de sistemas para o abastecimento de água, inclusive reservatórios de distribuição, estações elevatórias de bombeamento, linhas principais de adução e redes de distribuição de água;7.05;0,0400;2012-01-01
070501400;Reparação e reforma de redes de coleta, estações de tratamento e bombeamento de esgoto, inclusive de interceptores;7.05;0,0400;2012-01-01
070501500;Reparação e reforma de galerias pluviais;7.05;0,0400;2012-01-01
070501600;Reparação e reforma de redes de transporte por dutos, tais como oleodutos, gasodutos e minerodutos;7.05;0,0400;2012-01-01
070501700;Reparação e reforma de dutos, condutos e cabeamento para instalações telefônicas, redes de informática, televisão e comunicações.;7.05;0,0400;2012-01-01
070501800;Reparação, conservação e reforma de portos, marinas, eclusas, canais de navegação e congêneres;7.05;0,0400;2012-01-01
070501900;Reparação e reforma de estruturas metálicas permanentes em obras de construção civil;7.05;0,0400;2012-01-01
070502000;Reparação e reforma de redes para distribuição de gases e fluidos diversos;7.05;0,0400;2012-01-01
070502100;Reparação e reforma de isolamentos térmicos, acústicos ou de vibração;7.05;0,0400;2012-01-01
070600100;Colocação de tapetes, carpetes, assoalhos, piso flutuante e congêneres, com material fornecido pelo tomador do serviço.;7.06;0,0500;2012-01-01
070600200;Instalação de cortinas com material fornecido pelo tomador do serviço.;7.06;0,0500;2012-01-01
070600300;Colocação de revestimentos de parede com material fornecido pelo tomador do serviço.;7.06;0,0500;2012-01-01
070600400;Instalação de vidros com material fornecido pelo tomador do serviço.;7.06;0,0500;2012-01-01
070600500;Instalação de divisórias com material fornecido pelo tomador do serviço.;7.06;0,0500;2012-01-01
070600600;Instalação de placas de gesso com material fornecido pelo tomador do serviço.;7.06;0,0500;2012-01-01
070600700;Instalações de acessórios e complementos em bens imóveis com material fornecido pelo tomador do serviço;7.06;0,0500;2012-01-01
070700100;Recuperação, raspagem, polimento, lustração de pisos e congêneres;7.07;0,0500;2012-01-01
070700200;Aplicação de sinteco;7.07;0,0500;2012-01-01
070800100;Calafetação;7.08;0,0500;2012-01-01
070900100;Varrição de lixo, rejeitos e outros resíduos quaisquer.;7.09;0,0250;2012-01-01
070900200;Coleta e remoção de lixo, entulhos, rejeitos e outros resíduos quaisquer;7.09;0,0250;2012-01-01
070900300;Coleta e remoção de lixo, entulhos, rejeitos e outros resíduos quaisquer por meio de caçambas;7.09;0,0250;2012-01-01
070900400;Incineração, tratamento, reciclagem e separação de lixo, rejeitos e outros resíduos quaisquer.;7.09;0,0250;2012-01-01
070900500;Coleta, tratamento ou remoção de rejeitos e outros resíduos quaisquer por meio de banheiros químicos;7.09;0,0250;2012-01-01
070900600;Destinação final de lixo, rejeitos e outros resíduos quaisquer, inclusive aterro sanitário;7.09;0,0250;2012-01-01
070900800;Descontaminação e outros serviços de gestão de resíduos;7.09;0,0250;2012-01-01
071000100;Limpeza de vias e logradouros públicos, parques, jardins e congêneres.;7.10;0,0250;2012-01-01
071000200;Limpeza de imóveis, chaminés, piscinas e congêneres.;7.10;0,0250;2012-01-01
071000300;Manutenção e conservação de vias e logradouros.;7.10;0,0250;2012-01-01
071000400;Manutenção e conservação de imóveis, chaminés, piscinas, parques, jardins e congêneres.;7.10;0,0250;2012-01-01
071100100;Decoração;7.11;0,0500;2012-01-01
071100200;Jardinagem, inclusive corte e poda de árvores.;7.11;0,0500;2012-01-01
071200100;Controle e tratamento de efluentes de qualquer natureza e de agentes físicos, químicos e biológicos.;7.12;0,0500;2012-01-01
071300100;Dedetização, desinfecção, desinsetização, imunização, higienização, desratização e congêneres em bens imóveis;7.13;0,0500;2012-01-01
071300200;Pulverização e controle de pragas;7.13;0,0500;2012-01-01
071600100;Florestamento, reflorestamento;7.16;0,0500;2012-01-01
071600200;Adubação e semeadura;7.16;0,0500;2012-01-01
071600300;Outros serviços de agricultura e congêneres tais como plantio, colheita, desmatamento, destocamento.;7.16;0,0500;2012-01-01
071700100;Escoramento e serviços congêneres;7.17;0,0500;2012-01-01
071700200;Contenção de encostas e serviços congêneres;7.17;0,0500;2012-01-01
071800100;Limpeza e dragagem de rios, portos, canais, baías, lagos, lagoas, represas, açudes e congêneres.;7.18;0,0250;2012-01-01
071900100;Acompanhamento e fiscalização da execução de obras de engenharia, arquitetura e urbanismo realizados no local da obra;7.19;0,0200;2012-01-01
072000100;Aerofotogrametria, inclusive interpretação;7.20;0,0200;2012-01-01
072000200;Cartografia, geográficos, mapeamento ou congêneres;7.20;0,0200;2012-01-01
072000300;Levantamentos topográficos ou congêneres;7.20;0,0200;2012-01-01
072000400;Levantamentos batimétricos ou congêneres;7.20;0,0200;2012-01-01
072000500;Levantamentos geodésicos, geológicos, geofísicos e congêneres.;7.20;0,0200;2012-01-01
072100100;Pesquisa, perfuração, cimentação, mergulho, perfilagem, concretação, testemunhagem, pescaria, estimulação e outros serviços relacionados com a exploração e explotação de petróleo ou gás natural.;7.21;0,0500;2012-01-01
072100200;Serviços relacionados com a exploração recursos minerais, exceto petróleo e gás natural.;7.21;0,0500;2012-01-01
072200100;Nucleação e bombardeamento de nuvens e congêneres.;7.22;0,0500;2012-01-01
080100100;Ensino pré-escolar;8.01;0,0500;2012-01-01
080100200;Ensino fundamental e médio, inclusive supletivo e técnico;8.01;0,0500;2012-01-01
080100300;Ensino superior, pós graduação, mestrado, doutorado e congêneres;8.01;0,0500;2012-01-01
080100400;Ensino regular à distância;8.01;0,0500;2012-01-01
080100401;Ensino regular à distância (Convênio com município de Porto Alegre conforme Decreto nº 16.736/2010);8.01;0,0500;2012-01-01
080100402;Ensino regular à distância (Convênio com município de Porto Alegre conforme Decreto nº 16.736/2010);8.01;0,0200;2012-01-01
080100500;Ensino regular à distância de nível tecnológico;8.01;0,0500;2012-01-01
080100601;Ensino regular à distância de nível tecnológico - Convênio com município de Porto Alegre conforme Decreto nº 16.736/2010 ;8.01;0,0500;2012-01-01
080100602;Ensino regular à distância de nível tecnológico - Convênio com município de Porto Alegre conforme Decreto nº 16.736/2010 ;8.01;0,0200;2012-01-01
080100700;Serviços de intercâmbio cultural, educacional, profissional e congêneres;8.01;0,0500;2012-01-01
080200100;Instrução e treinamento em geral, inclusive de desenvolvimento profissional e gerencial;8.02;0,0500;2012-01-01
080200200;Cursos preparatórios para concursos, inclusive pré-vestibular ;8.02;0,0500;2012-01-01
080200300;Orientação pedagógica, educacional e avaliação de conhecimentos;8.02;0,0500;2012-01-01
080200400;Cursos técnicos, tecnológicos e profissionalizantes em geral, exceto se ensino regular;8.02;0,0500;2012-01-01
080200500;Cursos de música, dança, artes plásticas, cênicas, visuais, circense e outros cursos de arte e cultura em geral;8.02;0,0500;2012-01-01
080200600;Cursos de natação, artes marciais, mergulho, equitação, futebol, tênis, voleibol, alpinismo e outros cursos de esporte em geral ;8.02;0,0500;2012-01-01
080200700;Cursos de idiomas;8.02;0,0500;2012-01-01
080200800;Curso de formação de condutores;8.02;0,0500;2012-01-01
080200900;Curso de pilotagem;8.02;0,0500;2012-01-01
080201000;Cursos de informática;8.02;0,0500;2012-01-01
080201100;Treinamento e instrução à distância;8.02;0,0500;2012-01-01
090100100;Hospedagem em hotel, pousada, pensão, albergue, hospedaria, camping e congêneres;9.01;0,0500;2012-01-01
090100200;Hospedagem em apart-hotel, apart-service condominial, flat, hotel residência, residence-service, suíte service, flat-hotel ou congêneres;9.01;0,0500;2012-01-01
090100300;Motéis, drive-in e congêneres;9.01;0,0500;2012-01-01
090200100;Agenciamento, intermediação e promoção de pacotes e programas turísticos, passeios, viagens, excursões, hospedagens, reservas e congêneres.;9.02;0,0500;2012-01-01
090200200;Organização e execução de pacotes e programas turísticos, passeios, viagens, excursões, traslados e congêneres.;9.02;0,0500;2012-01-01
090300100;Guia de turismo;9.03;0,0500;2012-01-01
100100100;Agenciamento, corretagem e intermediação de planos de saúde;10.01;0,0500;2012-01-01
100100200;Agenciamento, corretagem e intermediação de câmbio;10.01;0,0500;2012-01-01
100100300;Agenciamento, corretagem e intermediação de seguros, inclusive estipulante;10.01;0,0300;2012-01-01
100100400;Agenciamento, corretagem e intermediação de cartões de crédito ou débito;10.01;0,0500;2012-01-01
100100500;Agenciamento, corretagem e intermediação de planos de previdência privada;10.01;0,0500;2012-01-01
100200100;Agenciamento de títulos em geral;10.02;0,0500;2012-01-01
100200200;Corretagem de títulos em geral;10.02;0,0500;2012-01-01
100200300;Intermediação de títulos em geral;10.02;0,0500;2012-01-01
100200400;Agenciamento de valores mobiliários;10.02;0,0500;2012-01-01
100200500;Corretagem de valores mobiliários;10.02;0,0500;2012-01-01
100200600;Intermediação de valores mobiliários;10.02;0,0500;2012-01-01
100200700;Agenciamento de contratos quaisquer;10.02;0,0500;2012-01-01
100200800;Corretagem de contratos quaisquer;10.02;0,0500;2012-01-01
100200900;Intermediação de contratos quaisquer;10.02;0,0500;2012-01-01
100201000;Produção e veiculação de telemensagens;10.02;0,0500;2012-01-01
100300100;Agenciamento, corretagem ou intermediação de direitos de propriedade industrial, artística ou literária.;10.03;0,0500;2012-01-01
100400100;Agenciamento de contratos de arrendamento mercantil (leasing);10.04;0,0500;2012-01-01
100400200;Corretagem de contratos de arrendamento mercantil (leasing);10.04;0,0500;2012-01-01
100400300;Intermediação de contratos de arrendamento mercantil (leasing);10.04;0,0500;2012-01-01
100400400;Agenciamento de contratos de “faturização” (factoring);10.04;0,0500;2012-01-01
100400500;Corretagem de contratos de “faturização” (factoring);10.04;0,0500;2012-01-01
100400600;Intermediação de contratos de “faturização” (factoring);10.04;0,0500;2012-01-01
100500100;Agenciamento, corretagem ou intermediação de bens móveis, não abrangidos em outros itens ou subitens, inclusive aqueles realizados no âmbito de Bolsas de Mercadorias e Futuros, por quaisquer meios.;10.05;0,0500;2012-01-01
100500200;Agenciamento, corretagem ou intermediação na compra, venda e aluguel de bens imóveis não abrangidos em outros itens ou subitens.;10.05;0,0400;2012-01-01
100600100;Agenciamento marítimo.;10.06;0,0500;2012-01-01
100700100;Agenciamento de notícias.;10.07;0,0500;2012-01-01
100800100;Agenciamento de publicidade e propaganda, inclusive o agenciamento de veiculação por quaisquer meios.;10.08;0,0300;2012-01-01
100900100;Representação comercial;10.09;0,0200;2012-01-01
100900101;Representação de qualquer natureza.;10.09;0,0500;2012-01-01
101000100;Distribuição de bens de terceiros;10.10;0,0500;2012-01-01
110100100;Guarda e estacionamento de veículos terrestres automotores, de aeronaves e de embarcações.;11.01;0,0500;2012-01-01
110200100;Vigilância, segurança ou monitoramento de bens e pessoas.;11.02;0,0250;2012-01-01
110300100;Escolta, inclusive de veículos e cargas.;11.03;0,0250;2012-01-01
110400100;Armazenamento, depósito e guarda de bens de qualquer espécie;11.04;0,0500;2012-01-01
110400200;Carga, descarga e arrumação de bens de qualquer espécie;11.04;0,0500;2012-01-01
120100100;Espetáculos teatrais (até 700 Espectadores);12.01;0,0000;2012-01-01
120100200;Espetáculos teatrais (de 701 a 2.000 Espectadores);12.01;0,0200;2012-01-01
120100300;Espetáculos teatrais (acima de 2.000 Espectadores);12.01;0,0500;2012-01-01
120200100;Exibições cinematográficas  (até 4 Salas);12.02;0,0300;2012-01-01
120200200;Exibições cinematográficas (Mais de 4 Salas);12.02;0,0500;2012-01-01
120300100;Espetáculos circenses;12.03;0,0000;2012-01-01
120400100;Programas de auditório;12.04;0,0500;2012-01-01
120500100;Parques de diversões, centros de lazer e congêneres.;12.05;0,0500;2012-01-01
120600100;Boates, taxi-dancing, night-club, danceterias, casas noturnas, bares, restaurantes dançantes e outros estabelecimentos similares com cobrança de ingresso, couvert artístico e congêneres.;12.06;0,0500;2012-01-01
120700100;Shows, ballet, danças, óperas, concertos, recitais    (até 700 Espectadores);12.07;0,0000;2012-01-01
120700200;Shows, ballet, danças, óperas, concertos, recitais     (de 701 a 2.000 Espectadores);12.07;0,0200;2012-01-01
120700300;Shows, ballet, danças, óperas, concertos, recitais (acima de 2.000 Espectadores);12.07;0,0500;2012-01-01
120700400;Desfiles, bailes, festivais e congêneres.;12.07;0,0500;2012-01-01
120700500;Serviços de iluminação, sonorização para casa de espetáculos e ou atividades artísticas, inclusive iluminação cênica;12.07;0,0500;2012-01-01
120800100;Feiras, exposições, congressos e congêneres.;12.08;0,0500;2012-01-01
120900100;Bilhar, sinuca, pebolim e outros jogos não eletrônicos;12.09;0,0500;2012-01-01
120900200;Exploração de karts;12.09;0,0500;2012-01-01
120900300;Boliche.;12.09;0,0500;2012-01-01
120900400;Divertimento eletrônico, inclusive vitrola automática, cabines privê, jogos por computador, videogames, videokê e demais equipamentos acionados por fichas, cartões, ou quaisquer outros dispositivos;12.09;0,0500;2012-01-01
121000100;Corridas e competições de animais.;12.10;0,0500;2012-01-01
121100100;Competições esportivas ou de destreza física ou intelectual, com ou sem a participação do espectador.;12.11;0,0500;2012-01-01
121200100;Execução de música, individualmente ou por conjunto.;12.12;0,0500;2012-01-01
121300100;Produção, mediante ou sem encomenda prévia, de eventos, espetáculos, entrevistas, shows, ballet, danças, desfiles, bailes, teatros, óperas, concertos, recitais, festivais e congêneres.;12.13;0,0500;2012-01-01
121400100;Fornecimento de música para ambientes fechados ou não, mediante transmissão por qualquer processo;12.14;0,0500;2012-01-01
121500100;Desfiles de blocos carnavalescos ou folclóricos, trios elétricos e congêneres.;12.15;0,0500;2012-01-01
121600100;Exibição de filmes, entrevistas, musicais, espetáculos, shows, concertos, desfiles, óperas, competições esportivas, de destreza intelectual ou congêneres.;12.16;0,0500;2012-01-01
121700100;Recreação e animação, inclusive em festas e eventos de qualquer natureza.;12.17;0,0500;2012-01-01
130200100;Gravação, trucagem, reprodução, edição e mixagem de sons, fonografia, e congêneres;13.02;0,0500;2012-01-01
130200200;Dublagem;13.02;0,0500;2012-01-01
130300100;Gravação, trucagem, reprodução e mixagem de vídeos, filmes, e congêneres;13.03;0,0500;2012-01-01
130300200;Filmagens de festas e eventos;13.03;0,0500;2012-01-01
130300300;Fotografia, revelação e ampliação fotográfica;13.03;0,0500;2012-01-01
130300400;Cinematografia;13.03;0,0500;2012-01-01
130400100;Serviços de reprografia em geral, inclusive plotagem;13.04;0,0500;2012-01-01
130400200;Serviços de microfilmagem e digitalização em geral;13.04;0,0500;2012-01-01
130500100;Fotocomposição, clicheria, zincografia, litografia, fotolitografia e outras matrizes gráficas;13.05;0,0250;2012-01-01
130500200;Impressão e confecção de impressos em geral;13.05;0,0250;2012-01-01
130500300;Serigrafia (silk-screen) e congêneres;13.05;0,0250;2012-01-01
130500400;Acabamento gráfico em geral, inclusive corte, recorte, dobra e perfuração ;13.05;0,0250;2012-01-01
140100100;Lubrificação, limpeza, lustração, revisão, conserto, restauração, blindagem, manutenção e conservação de motores, máquinas, aparelhos, equipamentos ou de qualquer objeto (exceto peças e partes empregadas, que ficam sujeitas ao ICMS).;14.01;0,0500;2012-01-01
140100200;Manutenção de aeronaves e seus componentes;14.01;0,0200;2012-01-01
140100300;Lubrificação, limpeza, lustração, revisão, conserto, restauração, blindagem, alinhamento, balanceamento, manutenção e conservação de embarcações e veículos  em geral (exceto peças e partes empregadas, que ficam sujeitas ao ICMS).;14.01;0,0500;2012-01-01
140100400;Lubrificação, limpeza, lustração, revisão, conserto, restauração, blindagem, manutenção e conservação de elevadores, esteiras, escadas rolantes e de outros equipamentos de transporte e elevação (exceto peças e partes empregadas, que ficam sujeitas ao ICMS).;14.01;0,0500;2012-01-01
140100500;Carga e recarga de extintores, cilindros, cartuchos de impressão e outros objetos;14.01;0,0500;2012-01-01
140100600;Manutenção e conserto de aparelhos, equipamentos e máquinas de estações e de redes elétricas;14.01;0,0500;2012-01-01
140100700;Manutenção e conserto de aparelhos, equipamentos e máquinas de estações e de redes hidráulicas e de combustíveis em geral;14.01;0,0500;2012-01-01
140100800;Manutenção e conserto de aparelhos, equipamentos e máquinas de sistemas de climatização em geral;14.01;0,0500;2012-01-01
140100900;Manutenção e conserto de aparelhos, computadores e outros equipamentos e aparelhos de informática e de telecomunicação;14.01;0,0500;2012-01-01
140200100;Assistência técnica;14.02;0,0500;2012-01-01
140300100;Retifica e recondicionamento de motores (exceto peças e partes empregadas, que ficam sujeitas ao ICMS).;14.03;0,0500;2012-01-01
140400100;Recauchutagem ou regeneração de pneus;14.04;0,0300;2012-01-01
140500100;Reparação e conserto de pneus e câmaras-de-ar de veículos automotores - serviços de borracharia;14.05;0,0300;2012-01-01
140500200;Restauração, recondicionamento, e congêneres de objetos quaisquer;14.05;0,0250;2012-01-01
140500300;Pintura, polimento, envelopamento e tratamento de superfície de embarcações e veículos em geral;14.05;0,0250;2012-01-01
140500400;Pintura, tingimento, secagem, polimento e tratamento de superfície de objetos em geral;14.05;0,0250;2012-01-01
140500500;Beneficiamento de objetos quaisquer;14.05;0,0250;2012-01-01
140500600;Lavagem, higienização e imunização de embarcações e veículos em geral ;14.05;0,0250;2012-01-01
140500700;Lavagem, higienização, imunização e esterilização de objetos quaisquer, exceto tecidos;14.05;0,0250;2012-01-01
140500800;Galvanoplastia, anodização, cromagem, zincagem, tratamento e revestimento em geral de metais;14.05;0,0250;2012-01-01
140500900;Restauração de objetos de arte;14.05;0,0250;2012-01-01
140501000;Recondicionamento de baterias;14.05;0,0250;2012-01-01
140501100;Usinagem, solda, corte, recorte, dobra, estiramento e torneamento de objetos quaisquer;14.05;0,0250;2012-01-01
140501200;Plastificação em objetos quaisquer;14.05;0,0250;2012-01-01
140501300;Acondicionamento, envasamento, empacotamento e congêneres;14.05;0,0250;2012-01-01
140600100;Instalação ou montagem de aparelhos, máquinas e equipamentos, inclusive em plantas industriais, prestados ao usuário final, exclusivamente com material por ele fornecido;14.06;0,0500;2012-01-01
140600200;Instalação ou montagem de painéis, stands e outras estruturas móveis, prestados ao usuário final, exclusivamente com material por ele fornecido;14.06;0,0500;2012-01-01
140600300;Instalação de acessórios em geral para veículos, prestada ao usuário final exclusivamente com material por ele fornecido;14.06;0,0500;2012-01-01
140700100;Colocação de molduras e congêneres.;14.07;0,0500;2012-01-01
140800100;Encadernação, gravação e douração de livros, revistas e congêneres.;14.08;0,0500;2012-01-01
140900100;Alfaiataria, confecção de roupas sob medida, costura, bordado, conserto de roupas, pintura de tecidos e congêneres quando o material for fornecido pelo usuário final, exceto aviamento.;14.09;0,0500;2012-01-01
141000100;Tinturaria;14.10;0,0500;2012-01-01
141000200;Lavanderia, inclusive secagem e higienização ;14.10;0,0500;2012-01-01
141100100;Tapeçaria e reforma de estofamentos em geral.;14.11;0,0500;2012-01-01
141200100;Funilaria e lanternagem.;14.12;0,0500;2012-01-01
141300100;Carpintaria;14.13;0,0500;2012-01-01
141300200;Serralheria;14.13;0,0500;2012-01-01
150100100;Administração de fundos quaisquer;15.01;0,0500;2012-01-01
150100200;Administração de consórcio;15.01;0,0500;2012-01-01
150100300;Administração de cartão de crédito ou débito e congêneres;15.01;0,0500;2012-01-01
150100400;Administração de carteira de clientes;15.01;0,0500;2012-01-01
150100500;Administração de cheques pré-datados e congêneres;15.01;0,0500;2012-01-01
150200100;Abertura de conta-corrente no país;15.02;0,0500;2012-01-01
150200200;Abertura de contas de investimentos e aplicação no país;15.02;0,0500;2012-01-01
150200300;Abertura de conta de poupança no país;15.02;0,0500;2012-01-01
150200400;Abertura de contas em geral no país não abrangidas em outros itens/subitens.;15.02;0,0500;2012-01-01
150200500;Abertura de conta-corrente no exterior;15.02;0,0500;2012-01-01
150200600;Abertura de contas de investimentos e aplicação no exterior;15.02;0,0500;2012-01-01
150200700;Abertura de conta de poupança no exterior;15.02;0,0500;2012-01-01
150200800;Abertura de contas em geral no exterior não abrangidas em outros itens / subitens.;15.02;0,0500;2012-01-01
150200900;Manutenção de conta-corrente no país;15.02;0,0500;2012-01-01
150201000;Manutenção de contas de investimentos e aplicação no país;15.02;0,0500;2012-01-01
150201100;Manutenção de conta de poupança no país;15.02;0,0500;2012-01-01
150201200;Manutenção de contas em geral no país não abrangidas em outros itens / subitens.;15.02;0,0500;2012-01-01
150201300;Manutenção de conta-corrente no exterior;15.02;0,0500;2012-01-01
150201400;Manutenção de contas de investimentos e aplicação no exterior;15.02;0,0500;2012-01-01
150201500;Manutenção de conta de poupança no exterior;15.02;0,0500;2012-01-01
150201600;Manutenção de contas em geral no exterior não abrangidas em outros itens / subitens.;15.02;0,0500;2012-01-01
150300100;Locação de cofres particulares;15.03;0,0500;2012-01-01
150300200;Manutenção de cofres particulares;15.03;0,0500;2012-01-01
150300300;Locação de terminais eletrônicos;15.03;0,0500;2012-01-01
150300400;Manutenção de terminais eletrônicos;15.03;0,0500;2012-01-01
150300500;Locação de terminais de atendimento ;15.03;0,0500;2012-01-01
150300600;Manutenção de terminais de atendimento;15.03;0,0500;2012-01-01
150300700;Locação de bens e equipamentos em geral;15.03;0,0500;2012-01-01
150300800;Manutenção de bens e equipamentos em geral;15.03;0,0500;2012-01-01
150400100;Fornecimento e emissão de atestado de idoneidade;15.04;0,0500;2012-01-01
150400200;Fornecimento e emissão de atestado de capacidade financeira e congêneres;15.04;0,0500;2012-01-01
150400300;Fornecimento e emissão de atestados em geral não abrangidas em outros itens/subitens.;15.04;0,0500;2012-01-01
150500100;Cadastro, elaboração e renovação de ficha cadastral e congêneres;15.05;0,0500;2012-01-01
150500200;Inclusão no cadastro de emitentes de cheques sem fundos-ccf;15.05;0,0500;2012-01-01
150500300;Exclusão do cadastro de emitentes de cheques sem fundos-ccf;15.05;0,0500;2012-01-01
150500400;Inclusão no cadastro de outros bancos cadastrais quaisquer;15.05;0,0500;2012-01-01
150500500;Exclusão do cadastro de outros bancos cadastrais quaisquer;15.05;0,0500;2012-01-01
150600100;Emissão, reemissão e fornecimento de avisos.;15.06;0,0500;2012-01-01
150600200;Emissão, reemissão e fornecimento de comprovantes;15.06;0,0500;2012-01-01
150600300;Emissão, reemissão e fornecimento de documentos em geral ;15.06;0,0500;2012-01-01
150600400;Abono de firmas;15.06;0,0500;2012-01-01
150600500;Coleta de documentos, bens e valores;15.06;0,0500;2012-01-01
150600600;Entrega de documentos, bens e valores;15.06;0,0500;2012-01-01
150600700;Comunicação com outra agência ;15.06;0,0500;2012-01-01
150600800;Comunicação com a administração central;15.06;0,0500;2012-01-01
150600900;Licenciamento eletrônico de veículos;15.06;0,0500;2012-01-01
150601000;Transferência de veículos;15.06;0,0500;2012-01-01
150601100;Agenciamento fiduciário;15.06;0,0500;2012-01-01
150601200;Agenciamento depositário;15.06;0,0500;2012-01-01
150601300;Devolução de bens em custódia;15.06;0,0500;2012-01-01
150700100;Acesso, movimentação, atendimento e consulta a contas em geral por telefone;15.07;0,0500;2012-01-01
150700200;Acesso, movimentação, atendimento e consulta a contas em geral por fac-símile;15.07;0,0500;2012-01-01
150700300;Acesso, movimentação, atendimento e consulta a contas em geral via internet;15.07;0,0500;2012-01-01
150700400;Acesso, movimentação, atendimento e consulta a contas por telex;15.07;0,0500;2012-01-01
150700500;Acesso, movimentação, atendimento e consulta a contas em geral, por qualquer meio ou processo não abrangidos em outros itens/subitens.;15.07;0,0500;2012-01-01
150700600;Acesso a terminais de atendimento, inclusive 24 horas;15.07;0,0500;2012-01-01
150700700;Acesso a outro banco;15.07;0,0500;2012-01-01
150700800;Acesso à rede compartilhada;15.07;0,0500;2012-01-01
150700900;Fornecimento de saldo, extrato e demais informações relativas a contas em geral, por qualquer meio ou processo não abrangidos em outros itens/subitens.;15.07;0,0500;2012-01-01
150701000;Pacote / cesta de serviços bancários ;15.07;0,0500;2012-01-01
150800100;Emissão e reemissão de contrato de crédito;15.08;0,0500;2012-01-01
150800200;Alteração de contrato de crédito;15.08;0,0500;2012-01-01
150800300;Cessão de contrato de crédito;15.08;0,0500;2012-01-01
150800400;Substituição de contrato de crédito;15.08;0,0500;2012-01-01
150800500;Cancelamento de contrato de crédito;15.08;0,0500;2012-01-01
150800600;Registro de contrato de crédito;15.08;0,0500;2012-01-01
150800700;Estudo, análise e avaliação de operações de crédito;15.08;0,0500;2012-01-01
150800800;Emissão de aval, fiança, anuência e congêneres;15.08;0,0500;2012-01-01
150800900;Alteração de aval, fiança, anuência e congêneres;15.08;0,0500;2012-01-01
150801000;Contratação de aval, fiança, anuência e congêneres;15.08;0,0500;2012-01-01
150801100;Serviços relativos a abertura de crédito não abrangidas em outros itens/subitens, para quaisquer fins;15.08;0,0500;2012-01-01
150900100;Arrendamento mercantil (leasing) de quaisquer bens, inclusive cessão de direitos e obrigações;15.09;0,0200;2012-01-01
150900200;Substituição de garantia (leasing);15.09;0,0200;2012-01-01
150900300;Alteração de contrato de leasing;15.09;0,0200;2012-01-01
150900400;Cancelamento de contrato de leasing;15.09;0,0200;2012-01-01
150900500;Registro de contrato de leasing;15.09;0,0200;2012-01-01
150900600;Demais serviços relacionados ao arrendamento mercantil (leasing);15.09;0,0200;2012-01-01
151000100;Serviços relacionados a cobranças e recebimentos em geral de títulos quaisquer efetuados por qualquer meio;15.10;0,0500;2012-01-01
151000200;Serviços relacionados a cobranças e recebimentos de contas em geral efetuados por qualquer meio ;15.10;0,0500;2012-01-01
151000300;Serviços relacionados a cobranças e recebimentos de carnês em geral efetuados por qualquer meio ;15.10;0,0500;2012-01-01
151000400;Serviços relacionados a cobranças e recebimentos de câmbio em geral efetuados por qualquer meio ;15.10;0,0500;2012-01-01
151000500;Serviços relacionados a recebimentos de tributos em geral efetuados por qualquer meio ;15.10;0,0500;2012-01-01
151000600;Serviços relacionados a cobranças e recebimentos por conta de terceiros em geral efetuados por qualquer meio;15.10;0,0500;2012-01-01
151000700;Serviços relacionados a pagamentos em geral de títulos quaisquer efetuados por qualquer meio ;15.10;0,0500;2012-01-01
151000800;Serviços relacionados a pagamentos de contas em geral efetuados por qualquer meio ;15.10;0,0500;2012-01-01
151000900;Serviços relacionados a pagamentos de carnês em geral efetuados por qualquer meio ;15.10;0,0500;2012-01-01
151001000;Serviços relacionados a pagamentos de câmbio em geral efetuados por qualquer meio ;15.10;0,0500;2012-01-01
151001100;Serviços relacionados a pagamentos de tributos em geral efetuados por qualquer meio ;15.10;0,0500;2012-01-01
151001200;Serviços relacionados a pagamentos por conta de terceiros em geral efetuados por qualquer meio ;15.10;0,0500;2012-01-01
151001300;Fornecimento de posição de cobrança ;15.10;0,0500;2012-01-01
151001400;Fornecimento de posição de recebimento;15.10;0,0500;2012-01-01
151001500;Fornecimento de posição de pagamento;15.10;0,0500;2012-01-01
151001600;Emissão de carnês;15.10;0,0500;2012-01-01
151001700;Emissão de fichas de compensação;15.10;0,0500;2012-01-01
151001800;Emissão de impressos e documentos em geral;15.10;0,0500;2012-01-01
151100100;Devolução de títulos;15.11;0,0500;2012-01-01
151100200;Protesto de títulos;15.11;0,0500;2012-01-01
151100300;Sustação de protesto;15.11;0,0500;2012-01-01
151100400;Manutenção de títulos;15.11;0,0500;2012-01-01
151100500;Reapresentação de títulos ;15.11;0,0500;2012-01-01
151100600;Demais serviços relacionados a títulos em cobrança;15.11;0,0500;2012-01-01
151200100;Custódia em geral, inclusive de títulos e valores mobiliários;15.12;0,0500;2012-01-01
151300100;Edição de contrato de câmbio;15.13;0,0500;2012-01-01
151300200;Alteração de contrato de câmbio;15.13;0,0500;2012-01-01
151300300;Prorrogação de contrato de câmbio;15.13;0,0500;2012-01-01
151300400;Cancelamento de contrato de câmbio;15.13;0,0500;2012-01-01
151300500;Baixa de contrato de câmbio;15.13;0,0500;2012-01-01
151300600;Emissão de registro de exportação ;15.13;0,0500;2012-01-01
151300700;Emissão de registro de crédito;15.13;0,0500;2012-01-01
151300800;Cobrança no exterior;15.13;0,0500;2012-01-01
151300900;Depósito no exterior;15.13;0,0500;2012-01-01
151301000;Emissão e fornecimento de cheques de viagem;15.13;0,0500;2012-01-01
151301100;Cancelamento de cheques de viagem;15.13;0,0500;2012-01-01
151301200;Fornecimento de carta de crédito de importação ;15.13;0,0500;2012-01-01
151301300;Transferência de carta de crédito de importação;15.13;0,0500;2012-01-01
151301400;Cancelamento de carta de crédito de importação;15.13;0,0500;2012-01-01
151301500;Demais serviços relativos à carta de crédito de importação;15.13;0,0500;2012-01-01
151301600;Fornecimento de carta de crédito de exportação ;15.13;0,0500;2012-01-01
151301700;Transferência de carta de crédito de exportação;15.13;0,0500;2012-01-01
151301800;Cancelamento de carta de crédito de exportação;15.13;0,0500;2012-01-01
151301900;Demais serviços relativos à carta de crédito de exportação;15.13;0,0500;2012-01-01
151302000;Serviços relativos a garantias recebidas;15.13;0,0500;2012-01-01
151302100;Envio de mensagens em geral relacionadas a operações de câmbio;15.13;0,0500;2012-01-01
151302200;Recebimento de mensagens em geral relacionadas a operações de câmbio;15.13;0,0500;2012-01-01
151302300;Demais serviços relacionados à operação de câmbio;15.13;0,0500;2012-01-01
151400100;Fornecimento, emissão e reemissão de cartão magnético;15.14;0,0500;2012-01-01
151400200;Renovação de cartão magnético;15.14;0,0500;2012-01-01
151400300;Manutenção de cartão magnético;15.14;0,0500;2012-01-01
151400400;Fornecimento, emissão e reemissão de cartão de crédito;15.14;0,0500;2012-01-01
151400500;Renovação de cartão de crédito;15.14;0,0500;2012-01-01
151400600;Manutenção de cartão de crédito;15.14;0,0500;2012-01-01
151400700;Fornecimento, emissão e reemissão de cartão de débito;15.14;0,0500;2012-01-01
151400800;Renovação de cartão de débito;15.14;0,0500;2012-01-01
151400900;Manutenção de cartão de débito;15.14;0,0500;2012-01-01
151401000;Fornecimento, emissão e reemissão de cartão salário ;15.14;0,0500;2012-01-01
151401100;Renovação de cartão salário ;15.14;0,0500;2012-01-01
151401200;Manutenção de cartão salário ;15.14;0,0500;2012-01-01
151401300;Fornecimento, emissão e reemissão de cartões congêneres ;15.14;0,0500;2012-01-01
151401400;Renovação de cartões congêneres ;15.14;0,0500;2012-01-01
151401500;Manutenção de cartões congêneres ;15.14;0,0500;2012-01-01
151500100;Compensação de cheques ;15.15;0,0500;2012-01-01
151500200;Compensação de títulos quaisquer;15.15;0,0500;2012-01-01
151500300;Serviços relacionados a depósito, inclusive depósito identificado;15.15;0,0500;2012-01-01
151500400;Serviços relacionados a saque de contas quaisquer, por qualquer meio ou processo.;15.15;0,0500;2012-01-01
151600100;Emissão / reemissão de ordens de pagamento, ordens de crédito e similares, por qualquer meio ou processo;15.16;0,0500;2012-01-01
151600200;Liquidação de ordens de pagamento, ordens de crédito e similares, por qualquer meio ou processo;15.16;0,0500;2012-01-01
151600300;Alteração de ordens de pagamento, ordens de crédito e similares, por qualquer meio ou processo;15.16;0,0500;2012-01-01
151600400;Cancelamento de ordens de pagamento, ordens de crédito e similares, por qualquer meio ou processo;15.16;0,0500;2012-01-01
151600500;Baixa de ordens de pagamento, ordens de crédito e similares, por qualquer meio ou processo;15.16;0,0500;2012-01-01
151600600;Serviços relacionados à transferência de valores, dados, fundos, pagamentos e similares;15.16;0,0500;2012-01-01
151700100;Emissão de cheques quaisquer, avulso ou por talão;15.17;0,0500;2012-01-01
151700200;Fornecimento de cheques quaisquer, avulso ou por talão;15.17;0,0500;2012-01-01
151700300;Devolução de cheques quaisquer, avulso ou por talão;15.17;0,0500;2012-01-01
151700400;Sustação de cheques quaisquer, avulso ou por talão;15.17;0,0500;2012-01-01
151700500;Cancelamento de cheques quaisquer, avulso ou por talão;15.17;0,0500;2012-01-01
151700600;Oposição de cheques quaisquer, avulso ou por talão;15.17;0,0500;2012-01-01
151800100;Avaliação de imóvel;15.18;0,0500;2012-01-01
151800200;Avaliação de obra;15.18;0,0500;2012-01-01
151800300;Vistoria de imóvel;15.18;0,0500;2012-01-01
151800400;Vistoria de obra;15.18;0,0500;2012-01-01
151800500;Análise técnica relacionada ao crédito imobiliário;15.18;0,0500;2012-01-01
151800600;Análise jurídica relacionada ao crédito imobiliário;15.18;0,0500;2012-01-01
151800700;Emissão / reemissão de contrato de crédito imobiliário;15.18;0,0500;2012-01-01
151800800;Alteração de contrato de crédito imobiliário;15.18;0,0500;2012-01-01
151800900;Transferência de contrato de crédito imobiliário;15.18;0,0500;2012-01-01
151801000;Renegociação de contrato de crédito imobiliário;15.18;0,0500;2012-01-01
151801100;Emissão / reemissão de termo de quitação;15.18;0,0500;2012-01-01
151801200;Outros serviços relacionados ao crédito imobiliário;15.18;0,0500;2012-01-01
160100100;Transporte público urbano de passageiros prestado sob o regime de concessão ou permissão do poder público (Lotação);16.01;0,0250;2012-01-01
160100200;Transporte público urbano de passageiros prestado sob o regime de concessão ou permissão do poder público (Ônibus);16.01;0,0250;2012-01-01
160100300;Transporte público urbano de passageiros por taxi prestado sob o regime de concessão ou permissão do poder público (até 1 veículo);16.01;0,0000;2012-01-01
160100400;Transporte público urbano de passageiros por taxi prestado sob o regime de concessão ou permissão do poder público (a partir de 2 veículos);16.01;15 UFMs por veículo;2012-01-01
160100500;Transporte escolar;16.01;15 UFMs por veículo;2012-01-01
160100600;Transporte municipal por qualquer meio, de passageiros em geral;16.01;0,0500;2012-01-01
160100700;Serviços de mudanças e congêneres;16.01;0,0500;2012-01-01
160100800;Transporte municipal por qualquer meio, de bens em geral;16.01;0,0500;2012-01-01
160100900;Transporte ferroviário ou metroviário municipal de passageiros prestado sob regime de concessão ou permissão do poder público;16.01;0,0500;2012-01-01
170100100;Assessoria ou consultoria de qualquer natureza, exceto econômica, financeira, de imprensa, em informática ou relacionada a operações de fatorização (factoring);17.01;0,0500;2012-01-01
170100200;Análise, exame, pesquisa, coleta, compilação e fornecimento de dados e informações de qualquer natureza, inclusive cadastro e similares.;17.01;0,0500;2012-01-01
170100300;Assessoria ou consultoria de qualquer natureza, de nível médio;17.01;0,0500;2012-01-01
170100400;Análise técnica - habilitação de 2º grau;17.01;0,0500;2012-01-01
170100500;Pesquisa de opinião pública;17.01;0,0500;2012-01-01
170200100;Datilografia, digitação, estenografia, expediente, secretaria em geral, redação, edição, interpretação, revisão, tradução, e congêneres.;17.02;0,0500;2012-01-01
170200200;Logística em geral, apoio e infra-estrutura administrativa, e congêneres.;17.02;0,0500;2012-01-01
170200300;Organização, arquivamento, conservação e gerenciamento de documentos de terceiros em quaisquer meios;17.02;0,0500;2012-01-01
170200400;"Resposta audível (centro de contato ""contact center"") Acima de 5.000 Empregados";17.02;0,0200;2012-01-01
170200500;"Resposta audível (centro de contato ""contact center"") De 4.001 a 5.000 Empregados";17.02;0,0250;2012-01-01
170200600;"Resposta audível (centro de contato ""contact center"") De 3.001 a 4.000 Empregados";17.02;0,0300;2012-01-01
170200700;"Resposta audível (centro de contato ""contact center"") De 2.001 a 3.000 Empregados";17.02;0,0350;2012-01-01
170200800;"Resposta audível (centro de contato ""contact center"") De 1.001 a 2.000 Empregados";17.02;0,0400;2012-01-01
170200900;"Resposta audível (centro de contato ""contact center"") De 501 a 1.000 Empregados";17.02;0,0450;2012-01-01
170201000;Outras atividades de teleatendimento, exceto centrais de telemarketing;17.02;0,0500;2012-01-01
170201100;"Resposta audível (centro de contato ""contact center"") Até 500 Empregados";17.02;0,0500;2012-01-01
170300100;Planejamento, coordenação, programação ou organização técnica, financeira ou administrativa.;17.03;0,0500;2012-01-01
170400100;Recrutamento e seleção de mão de obra;17.04;0,0500;2012-01-01
170400200;Agenciamento de mão de obra;17.04;0,0500;2012-01-01
170400300;Colocação de mão de obra;17.04;0,0500;2012-01-01
170500100;Fornecimento de mão-de-obra não temporária contratados pelo prestador do serviço;17.05;0,0500;2012-01-01
170500200;Fornecimento de mão-de-obra em caráter temporário, inclusive de empregados ou trabalhadores, avulsos ou temporários, contratados pelo prestador de serviço.;17.05;0,0250;2012-01-01
170500300;Serviços de operação e fornecimento de equipamentos para transporte e elevação de cargas e pessoas para uso em obras.;17.05;0,0500;2012-01-01
170600100;Propaganda e publicidade, inclusive promoção de vendas, planejamento de campanhas ou sistemas de publicidade, elaboração de desenhos, textos e demais materiais publicitários.;17.06;0,0300;2012-01-01
170600200;Elaboração de desenhos, textos e demais materiais publicitários.;17.06;0,0300;2012-01-01
170800100;Franquia (franchising);17.08;0,0500;2012-01-01
170900100;Perícias, laudos, vistorias, exames técnicos e análises técnicas.;17.09;0,0500;2012-01-01
171000100;Planejamento, organização e administração de feiras, exposições, congressos e congêneres.;17.10;0,0500;2012-01-01
171100100;"Organização de festas e recepções; bufê (exceto o fornecimento de alimentação e bebidas que fica sujeito ao ICMS).";17.11;0,0500;2012-01-01
171200100;Administração de bens ou ativos de terceiros;17.12;0,0500;2012-01-01
171200200;Administração de negócios de terceiros;17.12;0,0500;2012-01-01
171200300;Administração de condomínios;17.12;0,0400;2012-01-01
171200400;Administração em geral;17.12;0,0500;2012-01-01
171200401;Administração em geral (serviços prestados por sociedade que não atende aos requisitos do art. 20, § 4º, da LCM n° 07/73);17.12;0,0400;2012-01-01
171200500;Administração de frota de veículo;17.12;0,0500;2012-01-01
171200600;Administração de imóveis;17.12;0,0400;2012-01-01
171300100;Leilão e congêneres;17.13;0,0500;2012-01-01
171400100;Advocacia;17.14;0,0500;2012-01-01
171400101;Advocacia (serviços prestados por sociedade que não atende aos requisitos do art. 20, § 4º, da LCM n° 07/73);17.14;0,0400;2012-01-01
171500100;Arbitragem de qualquer espécie, inclusive jurídica;17.15;0,0500;2012-01-01
171500101;Arbitragem de qualquer espécie, inclusive jurídica (serviços prestados por sociedade que não atende aos requisitos do art. 20, § 4º, da LCM n° 07/73);17.15;0,0400;2012-01-01
171600100;Auditoria;17.16;0,0500;2012-01-01
171600101;Auditoria (serviços prestados por sociedade que não atende aos requisitos do art. 20, § 4º, da LCM n° 07/73);17.16;0,0400;2012-01-01
171700100;Análise de organização e métodos;17.17;0,0500;2012-01-01
171800100;Atuária e cálculos técnicos de qualquer natureza.;17.18;0,0500;2012-01-01
171900100;Contabilidade, inclusive serviços técnicos e auxiliares;17.19;0,0500;2012-01-01
171900101;Contabilidade, inclusive serviços técnicos e auxiliares (serviços prestados por sociedade que não atende aos requisitos do art. 20, § 4º, da LCM n° 07/73);17.19;0,0400;2012-01-01
172000100;Consultoria e assessoria econômica ou financeira;17.20;0,0500;2012-01-01
172000200;Consultoria e assessoria econômica ou financeira (serviço prestado por sociedade que não tende aos requisitos do art. 20, § 4º, da LCM nº 07/73);17.20;0,0400;2012-01-01
172100100;Estatística;17.21;0,0500;2012-01-01
172200100;Cobrança em geral.;17.22;0,0500;2012-01-01
172300100;Assessoria, análise, avaliação, atendimento, consulta, cadastro, seleção, gerenciamento de informações, administração de contas a receber ou a pagar e em geral, relacionados a operações de faturização (factoring).;17.23;0,0500;2012-01-01
172400100;Apresentação de palestras, conferências, seminários e congêneres.;17.24;0,0500;2012-01-01
180100100;Serviços de regulação de sinistros vinculados a contratos de seguros;18.01;0,0500;2012-01-01
180100200;Inspeção e avaliação de riscos para cobertura de contratos de seguros;18.01;0,0500;2012-01-01
180100300;Prevenção e gerência de riscos seguráveis e congêneres;18.01;0,0500;2012-01-01
180100400;Gestão em co-seguro;18.01;0,0500;2012-01-01
190100100;Serviços de distribuição e venda de bilhetes e demais produtos de loteria, bingos, cartões, pules ou cupons de apostas, sorteios, prêmios, inclusive os decorrentes de títulos de capitalização e congêneres;19.01;0,0500;2012-01-01
200100100;Serviços portuários, ferroportuários, utilização de porto, movimentação de passageiros, reboque de embarcações, rebocador escoteiro, atracação, desatracação, serviços de praticagem, capatazia, armazenagem de qualquer natureza, serviços acessórios, movimentação de mercadorias, serviços de apoio marítimo, de movimentação ao largo, serviços de armadores, estiva, conferência, logística e congêneres.;20.01;0,0500;2012-01-01
200200100;Serviços aeroportuários, utilização de aeroporto, movimentação de passageiros, armazenagem de qualquer natureza, capatazia, movimentação de aeronaves, serviços de apoio aeroportuários, serviços acessórios, movimentação de mercadorias, logística e congêneres.;20.02;0,0500;2012-01-01
200300100;Serviços de terminais rodoviários, ferroviários, metroviários, movimentação de passageiros, mercadorias, inclusive suas operações, logística e congêneres.;20.03;0,0500;2012-01-01
210100100;Serviços de registros públicos, cartorários e notariais;21.01;0,0500;2012-01-01
220100100;Serviços de exploração de rodovia mediante cobrança de preço ou pedágio dos usuários, envolvendo execução de serviços de conservação, manutenção, melhoramentos para adequação de capacidade e segurança de trânsito, operação, monitoração, assistência aos usuários e/ou outros serviços definidos em contratos, atos de concessão ou de permissão ou em normas oficiais;22.01;0,0500;2012-01-01
230100100;Serviços de programação e comunicação visual ou congêneres;23.01;0,0500;2012-01-01
230100200;Desenho industrial ou congênere;23.01;0,0500;2012-01-01
240100100;Serviços de chaveiros;24.01;0,0500;2012-01-01
240100200;Confecção de carimbos;24.01;0,0500;2012-01-01
240100300;Confecção de placas, de sinalização visual, banners, adesivos ou congêneres;24.01;0,0500;2012-01-01
250100100;"Funerais, inclusive fornecimento de caixão, urna ou esquifes; aluguel de capela; transporte do corpo cadavérico; fornecimento de flores, coroas e outros paramentos; desembaraço de certidão de óbito; fornecimento de véu, essa e outros adornos; embalsamento, embelezamento, conservação ou restauração de cadáveres.";25.01;0,0500;2012-01-01
250200100;Cremação de partes e/ou corpos cadavéricos;25.02;0,0500;2012-01-01
250300100;Planos ou convênio funerários.;25.03;0,0500;2012-01-01
250400100;Manutenção e conservação de jazigos e cemitérios.;25.04;0,0500;2012-01-01
260100100;"Serviços de coleta, remessa ou entrega de correspondências, documentos, objetos, bens ou valores, inclusive pelos correios e suas agências franqueadas; courrier e congêneres.";26.01;0,0500;2012-01-01
260100200;Serviços de coleta, remessa ou entrega de bens ou valores.;26.01;0,0500;2012-01-01
260100300;Serviços de reboque e congêneres;26.01;0,0500;2012-01-01
260100400;Serviços de coleta ou entrega prestados por motoboy e congêneres ;26.01;0,0500;2012-01-01
260100500;Serviço de agenciamento prestados pelas Agências de Correios Franqueadas.;26.01;0,0500;2012-01-01
270100100;Serviços de assistência social;27.01;0,0500;2012-01-01
280100100;Avaliação de bens e serviços de qualquer natureza;28.01;0,0500;2012-01-01
280100200;Avaliação de imóveis;28.01;0,0500;2012-01-01
290100100;Serviços de biblioteconomia;29.01;0,0500;2012-01-01
300100100;Serviços de biologia, biotecnologia e química.;30.01;0,0500;2012-01-01
310100100;Serviços técnicos em edificações;31.01;0,0500;2012-01-01
310100200;Serviços técnicos em eletrônica;31.01;0,0500;2012-01-01
310100300;Serviços técnicos em eletrotécnica;31.01;0,0500;2012-01-01
310100400;Serviços técnicos em mecânica;31.01;0,0500;2012-01-01
310100500;Serviços técnicos em telecomunicações;31.01;0,0500;2012-01-01
310100600;Serviços técnicos em geral;31.01;0,0500;2012-01-01
320100100;Serviços de desenhos técnicos em geral, inclusive arquitetônico e de engenharia ;32.01;0,0500;2012-01-01
330100100;Serviços de desembaraço aduaneiro, comissários, despachantes e congêneres.;33.01;0,0500;2012-01-01
340100100;Serviços de investigações particulares, detetives e congêneres.;34.01;0,0500;2012-01-01
350100100;Serviços de reportagem, assessoria de imprensa, jornalismo e relações públicas.;35.01;0,0500;2012-01-01
350100101;Serviços de reportagem, assessoria de imprensa, jornalismo e relações públicas (serviços prestados por sociedade que não atende aos requisitos do art. 20, § 4º, da LCM n° 07/73).;35.01;0,0400;2012-01-01
360100100;Serviços de meteorologia;36.01;0,0500;2012-01-01
370100100;Serviços de artistas, atletas, modelos e manequins.;37.01;0,0500;2012-01-01
380100100;Museologia;38.01;0,0500;2012-01-01
390100100;Serviços de ourivesaria e lapidação (quando o material for fornecido pelo tomador do serviço).;39.01;0,0500;2012-01-01
400100100;Serviços relativos a obras de arte sob encomenda;40.01;0,0500;2012-01-01
